ID_PROVEEDOR;PROVEEDOR;TELEFONO;MAIL
1PROV;Agimba;(451) 5546453;msinott0@google.pl
2PROV;Edgeclub;(646) 1082196;svasilenko1@ezinearticles.com
3PROV;Dabfeed;(848) 1252447;adealtry2@hud.gov
4PROV;Win fiber optic;(345) 7747538;jbraghini3@shareasale.com
5PROV;Eidel;(519) 2663244;shirsch4@unc.edu
6PROV;Devshare;(822) 9016959;chilling5@chronoengine.com
7PROV;Fivebridge;(311) 2023301;mizzatt6@networkadvertising.org
8PROV;Vidoo;(866) 4667344;rmanktelow7@imgur.com
9PROV;Leenti;(702) 1555076;mbraksper8@cam.ac.uk
10PROV;Abatz;(932) 8610121;ibalassa9@wunderground.com
11PROV;Kimia;(326) 7502618;jmulrana@gravatar.com
12PROV;Brainlounge;(428) 3307858;mmelbyb@buzzfeed.com
13PROV;Devshare;(571) 7677107;cleallec@dedecms.com
14PROV;Realblab;(829) 5643494;dgodneyd@spotify.com
15PROV;Eazzy;(213) 4150087;hserote@123-reg.co.uk
