CLIENTE;TELEFONO;MAIL;PAIS
Tanoodu;(632) 3391517;plicciardello0@prnewswire.com;Peru
Adss Brown;(471) 9025401;asloey1@ft.com;Mexico
Skyndu;(589) 2774889;cpalley2@gov.com;Mexico
Diva Telecomunicaciones;(232) 6820339;ilafont3@hao123.com;Mexico
Fibra todo;(649) 7392937;tmeeking4@globo.com;Chile
Wikivu;(677) 1651503;hprowting5@i2i.com;Peru
Jetwire;(324) 6735382;lspinelli6@skyrock.com;Chile
Zoonder;(744) 1777755;acrayton7@latimes.com;Argentina
Voonix;(770) 4286238;gsproule8@utexas.edu;Uruguay
Lountra;(873) 4696405;shabbin9@mac.com;Peru
Piboo;(644) 2181166;straslera@cornell.edu;Mexico
Plambee;(787) 8071727;edrableb@wp.com;Mexico
Yozio;(326) 4507017;jmellhuishc@networksolutions.com;China
Photojam;(847) 3855576;mstationd@zimbio.com;China
Dablist;(180) 4001088;gaughtiee@wired.com;China
Jabber Chile;(309) 8067901;adubsf@microsoft.com;Chile
Fatz;(152) 8056996;kfilippozzig@addthis.com;Argentina
Riffpedia;(393) 3793593;igiannasih@fastcompany.com;Chile
Tag Snap;(612) 6976516;ybrithmani@soup.com;Argentina
Kwideo;(933) 8721818;kcolquetej@free.com;China
Quindier;(358) 8406408;lfirlek@pbs.com;Colombia
Trilia;(753) 2509309;hlengl@is.com;Argentina
Centidel;(520) 4034582;sdudlistonm@usda.gov;Colombia
Wikizz;(302) 7541688;khancen@sbwire.com;Venezuela
Skipfire;(651) 6612498;asoleso@nbcnews.com;Venezuela
Bluejam;(795) 7994505;ftesterp@wikispaces.com;Peru
Pixoboo;(364) 2777095;lredmanq@unesco.org;Peru
Airetme;(649) 6346967;rdoaler@ovh.net;Uruguay
Voonte;(883) 3973420;otrivetts@tumblr.com;Brasil
Edgeblab;(185) 1868525;mmacluret@studiopress.com;China
Delli;(456) 9477220;amallettu@bluehost.com;Venezuela
Voonder;(462) 2191241;jferiav@clickbank.net;China
Zoomcast;(881) 9794842;mdolemanw@timesonline.com;Brasil
Skyvu;(125) 8449788;blathex@odnoklassniki.com;China
Zoovu;(764) 8488350;kpeseky@youtube.com;Argentina
Fiber work;(876) 5347797;mbetoniaz@furl.net;Argentina
Chamba;(771) 7241609;bstollman10@globo.com;Mexico
Yotz;(122) 8426538;jcoltart11@aboutads.info;Argentina
Hook optic;(378) 1006016;chouston12@jiathis.com;Brasil
Krotin;(716) 8347584;wzannetti13@e-recht24.com;Estados Unidos
Fanool;(955) 1814043;bbillingham14@acquirethisname.com;Argentina
Twitterworks;(405) 8588852;hnorcop15@yahoo.com;Venezuela
Zoomi;(633) 3975137;eschultze16@rambler.com;Peru
Trupe;(354) 1377794;osambrok17@europa.com;China
Janyx;(216) 8757818;mjans18@elpais.com;China
Kanoop;(567) 3307631;aegleton19@reddit.com;Colombia
Yakijo;(916) 1343589;vheak1a@free.com;China
Gevee;(983) 9370273;msissot1b@jigsy.com;Argentina
Fivechat;(364) 8158288;mtivolier1c@amazonaws.com;Colombia
Leenti;(705) 9169027;kleppo1d@redcross.org;Uruguay
