PROVEEDOR;TELEFONO;MAIL
Agimba;(451) 5546453;msinott0@google.pl
Edgeclub;(646) 1082196;svasilenko1@ezinearticles.com
Dabfeed;(848) 1252447;adealtry2@hud.gov
Win fiber optic;(345) 7747538;jbraghini3@shareasale.com
Eidel;(519) 2663244;shirsch4@unc.edu
Devshare;(822) 9016959;chilling5@chronoengine.com
Fivebridge;(311) 2023301;mizzatt6@networkadvertising.org
Vidoo;(866) 4667344;rmanktelow7@imgur.com
Leenti;(702) 1555076;mbraksper8@cam.ac.uk
Abatz;(932) 8610121;ibalassa9@wunderground.com
Kimia;(326) 7502618;jmulrana@gravatar.com
Brainlounge;(428) 3307858;mmelbyb@buzzfeed.com
Devshare;(571) 7677107;cleallec@dedecms.com
Realblab;(829) 5643494;dgodneyd@spotify.com
Eazzy;(213) 4150087;hserote@123-reg.co.uk
